message1,author1
message2,author2
message3,author3
message4,author4
message5,author5
message6,author6
message7,author7
message8,author8
message9,author9
message10,author10
message11,author11
message12,author12
message13,author13
message14,author14
message15,author15
message16,author16
message17,author17
message18,author18
message19,author19
message20,author20
message21,author21
message22,author22
message23,author23
message24,author24
message25,author25
message26,author26
message27,author27
message28,author28
message29,author29
message30,author30
message31,author31
message32,author32
message33,author33
message34,author34
message35,author35
message36,author36
message37,author37
message38,author38
message39,author39
message40,author40
message41,author41
message42,author42
message43,author43
message44,author44
message45,author45
message46,author46
message47,author47
message48,author48
message49,author49
message50,author50
message51,author51
message52,author52
message53,author53
message54,author54
message55,author55
message56,author56
message57,author57
message58,author58
message59,author59
message60,author60
message61,author61
message62,author62
message63,author63
message64,author64
message65,author65
message66,author66
message67,author67
message68,author68
message69,author69
message70,author70
message71,author71
message72,author72
message73,author73
message74,author74
message75,author75
message76,author76
message77,author77
message78,author78
message79,author79
message80,author80
message81,author81
message82,author82
message83,author83
message84,author84
message85,author85
message86,author86
message87,author87
message88,author88
message89,author89
message90,author90
message91,author91
message92,author92
message93,author93
message94,author94
message95,author95
message96,author96
message97,author97
message98,author98
message99,author99
message100,author100
message101,author101
message102,author102
message103,author103
message104,author104
message105,author105
message106,author106
message107,author107
message108,author108
message109,author109
message110,author110
message111,author111
message112,author112
message113,author113
message114,author114
message115,author115
message116,author116
message117,author117
message118,author118
message119,author119
message120,author120
message121,author121
message122,author122
message123,author123
message124,author124
message125,author125
message126,author126
message127,author127
message128,author128
message129,author129
message130,author130
message131,author131
message132,author132
message133,author133
message134,author134
message135,author135
message136,author136
message137,author137
message138,author138
message139,author139
message140,author140
message141,author141
message142,author142
message143,author143
message144,author144
message145,author145
message146,author146
message147,author147
message148,author148
message149,author149
message150,author150
message151,author151
message152,author152
message153,author153
message154,author154
message155,author155
message156,author156
message157,author157
message158,author158
message159,author159
message160,author160
message161,author161
message162,author162
message163,author163
message164,author164
message165,author165
message166,author166
message167,author167
message168,author168
message169,author169
message170,author170
message171,author171
message172,author172
message173,author173
message174,author174
message175,author175
message176,author176
message177,author177
message178,author178
message179,author179
message180,author180
message181,author181
message182,author182
message183,author183
message184,author184
message185,author185
message186,author186
message187,author187
message188,author188
message189,author189
message190,author190
message191,author191
message192,author192
message193,author193
message194,author194
message195,author195
message196,author196
message197,author197
message198,author198
message199,author199
message200,author200